value,count
43.483333,4
44.833333,71
44.916667,5
45.633333,9
45.6755,532
45.816667,735
45.9,27
45.933333,85
45.943666,151
45.95,803
45.964614,212
46.033333,221
46.044980,3
46.166667,1192
46.188459,113
46.2,989
46.216667,64
46.25,80
46.312468,1477
46.333333,8
46.366667,52
46.396209,15
46.5,150
46.697882,17
46.916667,41
46.975134,70
47,43
47.216667,25
47.3,8
47.549033,7
47.566667,15
47.65,9
47.681292,235
48.574926,6
49.183333,5
49.640322,5